{
  "Logistic Regression": {
    "0": {
      "precision": 0.8732450069210995,
      "recall": 0.7311258278145696,
      "f1-score": 0.7958907812922411,
      "support": 18120.0
    },
    "1": {
      "precision": 0.40852252033507347,
      "recall": 0.6363464447806354,
      "f1-score": 0.4975970425138632,
      "support": 5288.0
    },
    "accuracy": 0.7097146274777854,
    "macro avg": {
      "precision": 0.6408837636280865,
      "recall": 0.6837361362976024,
      "f1-score": 0.6467439119030521,
      "support": 23408.0
    },
    "weighted avg": {
      "precision": 0.7682615607032721,
      "recall": 0.7097146274777854,
      "f1-score": 0.7285045334000649,
      "support": 23408.0
    }
  },
  "Decision Tree": {
    "0": {
      "precision": 0.9189903528478922,
      "recall": 0.7675496688741722,
      "f1-score": 0.8364708005052024,
      "support": 18120.0
    },
    "1": {
      "precision": 0.4909354604786077,
      "recall": 0.7681543116490166,
      "f1-score": 0.5990266922282849,
      "support": 5288.0
    },
    "accuracy": 0.7676862611073137,
    "macro avg": {
      "precision": 0.7049629066632499,
      "recall": 0.7678519902615943,
      "f1-score": 0.7177487463667436,
      "support": 23408.0
    },
    "weighted avg": {
      "precision": 0.822290324188939,
      "recall": 0.7676862611073137,
      "f1-score": 0.7828308293599384,
      "support": 23408.0
    }
  },
  "Random Forest": {
    "0": {
      "precision": 0.9031926437831972,
      "recall": 0.8727373068432671,
      "f1-score": 0.8877038367621881,
      "support": 18120.0
    },
    "1": {
      "precision": 0.6090862858111544,
      "recall": 0.6794629349470499,
      "f1-score": 0.642352730848306,
      "support": 5288.0
    },
    "accuracy": 0.8290755297334245,
    "macro avg": {
      "precision": 0.7561394647971758,
      "recall": 0.7761001208951586,
      "f1-score": 0.7650282838052471,
      "support": 23408.0
    },
    "weighted avg": {
      "precision": 0.8367523489713311,
      "recall": 0.8290755297334245,
      "f1-score": 0.8322776299921689,
      "support": 23408.0
    }
  },
  "XGBoost": {
    "0": {
      "precision": 0.9234411996842936,
      "recall": 0.8394039735099338,
      "f1-score": 0.8794195021826486,
      "support": 18120.0
    },
    "1": {
      "precision": 0.5805103070491567,
      "recall": 0.761535552193646,
      "f1-score": 0.6588139059304704,
      "support": 5288.0
    },
    "accuracy": 0.8218130553656869,
    "macro avg": {
      "precision": 0.7519757533667252,
      "recall": 0.8004697628517898,
      "f1-score": 0.7691167040565595,
      "support": 23408.0
    },
    "weighted avg": {
      "precision": 0.8459711654970669,
      "recall": 0.8218130553656869,
      "f1-score": 0.8295834464332673,
      "support": 23408.0
    }
  },
  "MLP (Neural Net)": {
    "0": {
      "precision": 0.8550910616455258,
      "recall": 0.9561258278145696,
      "f1-score": 0.9027904431880357,
      "support": 18120.0
    },
    "1": {
      "precision": 0.7473784556720686,
      "recall": 0.44478063540090773,
      "f1-score": 0.5576763485477179,
      "support": 5288.0
    },
    "accuracy": 0.84061004784689,
    "macro avg": {
      "precision": 0.8012347586587972,
      "recall": 0.7004532316077386,
      "f1-score": 0.7302333958678768,
      "support": 23408.0
    },
    "weighted avg": {
      "precision": 0.8307581728729848,
      "recall": 0.84061004784689,
      "f1-score": 0.8248272112819353,
      "support": 23408.0
    }
  }
}